Questions,Category
About what proportion of the population of the US is living on farms?,BT1
Correctly label the brain lobes indicated on the diagram below,BT1
Define compound interest.,BT1
Define four types of traceability,BT1
Define mercantilism.,BT1
"Define stream bank, floodplain and substrate.",BT1
Define the meaning of the Olympic Motto.,BT1
Draw and label a diagram of a typical stream.,BT1
Draw the basic outline of a page of notes using the Cornell Method?,BT1
Draw the block diagram of the central processing unit ,BT1
Draw the flow chart of the PNK system,BT1
How many instructions in the instruction set of RISC computer?,BT1
How many kilometers from your home to the university,BT1
How many loop statement available in c++?,BT1
How many states are there in USA,BT1
How many years does this animal live?,BT1
How much data can be stored in the cach memory,BT1
How much did he pay for his car,BT1
How much is your weight,BT1
How much time did he took to build a house,BT1
How much water does an elephant drink,BT1
Identify a phrase as a simile,BT1
"Identify a property (commutative, additive, etc(",BT1
Identify fractions from a pictorial representation,BT1
Identify ordinal positions,BT1
Identify the correct definition of osmosis,BT1
Identify the five major prophets of the Old Testament.,BT1
Identify the part of a eukaryotic cell.,BT1
Identify the standard peripheral components of a computer.,BT1
Identify which word begins with the same sound as the s in sun (Knowledge of letter s),BT1
in which countries is arabic language spoken,BT1
in which continent does the state of suriname fall,BT1
In Which part of the world does he live,BT1
Label any Olympic sporting apparatus with design features.,BT1
Label the parts of the following insects: Grasshopper,BT1
Label the parts of the microscope shown on the right,BT1
List four types of clauses mentioned in the article,BT1
List reserved words in C programming.,BT1
List the characteristics peculiar to the Cubist movement.,BT1
List the levels in Bloom's Taxonomy.,BT1
List the procedure to draw a mixed potential or Evans' diagram,BT1
List the steps involved in titration.,BT1
List three characteristics that are unique to the Cubist movement.,BT1
List three predominant economic systems that exist,BT1
Look at the symbol. What is the symbols purpose on a map?,BT1
Make a list of facts you learned from the story.,BT1
Name 5 steps that follow the taking of notes (within 24 hours or less)?,BT1
Name the artist who painted the Mona Lisa.,BT1
Name the food groups and at least two items of food in each group.,BT1
Name the four major food groups.,BT1
Name the main characters in the story.,BT1
Name the property that states that,BT1
Please label the diagram below:,BT1
Recall basic math facts,BT1
Recall locations of a historical events,BT1
Recall the definition of the formula datatype from your assignment 2.,BT1
Recall the equation for the Ideal Gas Law.,BT1
Recall the following pictoral example of an implementation of some queue operations,BT1
recall the supply voltage constraints,BT1
Recite a policy of immigration in Europe .,BT1
"Recite the poem ""Auto Wreck"".",BT1
Recite the principles of the Data Protection Act.,BT1
Recite the the Gaussian law,BT1
State four attributes of well engineered software.,BT1
State how to find a word in a dictionary,BT1
State the characteristics of each type of corrosion testing studied,BT1
State the definition of application in Bloom's Taxonomy.,BT1
State the formula for the area of a circle,BT1
State the guidelines to design an anodic protection system,BT1
State the pattern for expressing time in French.,BT1
Compare Calliope with Howie. Use the word bank.,BT2
Compare historical events to contemporary situations,BT2
Complete an analogy (analogy tasks are inference tasks),BT2
Describe 4 types of coupling in software design.,BT2
Describe how Phillip and Timothy survived on the Cay.,BT2
Describe in prose what is shown in graph form.,BT2
Describe in your own words how to borrow a book from the library.,BT2
Describe in your own words how to copy text from one program into another.,BT2
Describe in your own words what happens when a stream's velocity slows.,BT2
Describe in your own words what is meant by a sprained ankle.,BT2
Describe nuclear transport to a lay person.,BT2
Describe the Pareto Principle in statistical software quality assurance.,BT2
Describe what goes in each of the four areas on the first page of notes,BT2
Describe what took place as the Hato was sinking.,BT2
Describe how the linear polarization method can yield corrosion rates,BT2
Describe the major clinical differences between visceral and somatic pain,BT2
Briefly describe the author's approach to the liabilities of the GOTO statement,BT2
Describe what happened at...?,BT2
Determine the authors point of view,BT2
Determine the next number in a sequence,BT2
Discuss the nature of socialism.,BT2
Explain how Timothy saved Phillip's life.,BT2
Explain in one's own words how to create a query in a database.,BT2
Explain in your own words what a recessive gene is.,BT2
Explain in your own words what do you mean by the term economics?,BT2
Explain in your own words what is meant by mercantilism.,BT2
Explain the causes of historical events,BT2
Explain the communicative property.,BT2
"Explain the double meaning the author attributes to the term ""successive action descriptions""",BT2
Explain the possible uses described in class for the space to the left of the vertical line.,BT2
Explain the process (paraphrase) for finding the perimeter of a rectangular garden,BT2
Explain what a poem means.,BT2
"Explain what the author means by the statement ""our intellectual powers are geared to master static relations.",BT2
Express your opinion of 'Drugs in Sport' through poetry.,BT2
From a blueprint to describe the article depicted.,BT2
"Given a graph of production trends in automobiles, describe what the graph represents in a memo to your boss.",BT2
"Given these five corrosion inhibitors, V, W, X, Y, Z, identify which are passivators  ",BT2
"Illustrate this caption: ""Olympic as a Media Event in the Information Society""",BT2
Illustrate what you think the main idea was.,BT2
In one sentence explain the main idea of a written passage.,BT2
In one sentence illustrate the main point of a written passage.,BT2
Interpret the pictures.,BT2
Outline in your own words how the Leggo's Tomato Paste advertisement sells their product.,BT2
Outline the most important insight of the tale.,BT2
Outline the mechanisms employed by bacteria allowing them to evade phagocytic destruction.,BT2
"Outline an ""attack plan"" that will allow you to test your hypothesis using computational molecular modeling tools",BT2
Paraphrase an important speech,BT2
Paraphrase what Hamlet is saying in his soliloquy.,BT2
Paraphrase the poem in your own words,BT2
"Paraphrase this poem about Sheik Schubli, explaining what he was saying about the characteristics of a friend",BT2
Describe the output of this program fragment:,BT2
Classify types of corrosion inhibitors  ,BT2
would you classify the zener diode in this circuit as a series voltage regulator or a shunt voltage regulator,BT2
"Classify the following protocols: IP, TCP, HTTP according to the ISO OSI classification",BT2
"Classify the following substances as particle, atom, element, molecule, compound",BT2
How would you classify the geographic location of your school,BT2
Classify animals into two groups.,BT2
Classify celebrations into family and community categories.,BT2
Classify frogs toads and other amphibians.,BT2
Restate main idea of story in own words.,BT2
Restate the Olympic motto in your own words.,BT2
Retell the story in your words.,BT2
Rewrite the principles of test writing.,BT2
Rewrite you predicted equation for the ideal gas law,BT2
Rewrite the markov matrix to account for this slight change.,BT2
"Rewrite the sentence in your head, following the direction given below",BT2
Rewrite a part in the poem using a different speaker,BT2
Select the best title for a passage,BT2
State in your own words the rule for balls and strikes in baseball.,BT2
State in your own words where in the library to find previous issues of journals that are no longer in the display racks.,BT2
Apply laws of statistics to evaluate the reliability of a written test.,BT3
Apply shading to produce depth in drawing.,BT3
Apply the rule of law to a new situation,BT3
Apply the storytelling technique here to a little story of your own.,BT3
Apply your understanding the Olympic spirit to develop a new motto or slogan.,BT3
Show the value of x after running this program fragment,BT3
Calculate for x in the following equation: 12x=36,BT3
Calculate the deflection of a beam under uniform loading.,BT3
Calculate the number of sacrificial anodes that would be required to form a calcareous deposit on a steel pile immersed in seawater. ,BT3
Calculate the rate of habitat fragmentation within the Colorado Front Range in the last decade.,BT3
Can you apply the method used to some experience of your own . . .?,BT3
Can you group by characteristics such as . . .?,BT3
Categorise the pictures and add them to the wall display.,BT3
Choose a country that does not compete at the Olympics and explain why that country is not an Olympic member.,BT3
Choose any U.S. president and explain how he exercised his power as Commander in Chief of the Armed Forces.,BT3
Compute the area of actual circles.,BT3
Compute the volume of a cylinder,BT3
Construct a model to demonstrate how it will work.,BT3
Demonstrate how the seasons occur.,BT3
Demonstrate how this could work in an industry setting?,BT3
Demonstrate using the OPAC and your knowledge of library organization to find a book about turtles.,BT3
Demonstrate how your units specific student learning outcomes are linked to the mission of UAM.,BT3
Derive a kinetic model from experimental data.,BT3
Describe an experiment to answer the question of the effects of weight on the fall of an object.,BT3
Construct a market strategy for your product using a known strategy as a model.,BT3
Construct a simple payroll program that computes net pay for those working 40 hours or less and net pay for those working over 40 hours.,BT3
"Draw 3 pictures showing the beginning, middle and ending of the story.",BT3
Draw a picture of the bears' house.,BT3
Draw a picture of the gown Cinderella wore to the ball.,BT3
"From the information given, can you develop a set of instructions about . . .?",BT3
How could someone modify the Cornell Method to make it effective for researching a topic for a paper?,BT3
How might lifestyles in the United States be modified if a more socialistic system were adopted?,BT3
"If notes are available on the professors website, how should those notes be used?",BT3
"In a teaching simulation with your peers role-playing 6th grade students, demonstrate the principle of reinforcement in classroom interactions and prepare a half page description of what happened during the simulation that validated the principle.",BT3
Make a diorama to illustrate an important event.,BT3
Make a paper-mache map to include relevant information about an event.,BT3
Make a scrapbook about the areas of study.,BT3
Make up a puzzle game using the ideas from the study area.,BT3
Model an Olympic Village for the new Millenium.,BT3
Participate in a mock election,BT3
Predict what happens to X if Y increases.,BT3
Pretend you are one of the characters in the book. Write a diary about the happenings in your life for two consecutive days.,BT3
Relate the principle of reinforcement to classroom interactions.,BT3
Relate topographic map to field features,BT3
Relate your most powerful story where your use of technology in the classroom has yielded a significant outcome with a student or students,BT3
How would you relate position concept with position strategy,BT3
"Show, through role-play, the final scene in the novel.",BT3
Solve a math problem using familiar procedure or formula,BT3
Solve for the ten following fraction multiplication problems. Please make sure to show all your work.,BT3
Would you solve these two problems using similar approaches,BT3
Use Laplace to solve the following problems,BT3
Can you solve the following problem ,BT3
How to specify the impact energy and impact test temperature of the material in the Code,BT3
How does one specify the syntactical restrictions,BT3
Specify a deterministic finite automaton (DFA) recognizing the,BT3
Take a collection of photographs to demonstrate a particular point.,BT3
Use a costing model to compute prices on goods to maximise profits and minimise costs.,BT3
Use a manual to calculate an employee's vacation time.,BT3
Use the distance travelled and cost of petrol to calculate the cost of a coach trip using a spreadsheet.,BT3
Use the rule for a semicolon in a sentence.,BT3
Who can use what we know about sonnets and finish this poem?,BT3
Would this information be useful if you had a . . .?,BT3
Sketch a prediction of the field lines for the arrangement of electrodes shown in Figure 2,BT3
Sketch the blackbody curves for radiation emitted from the Sun and the Earth,BT3
Sketch a typical absorption process in a packed column with regeneration in form of,BT3
sketch a graph of velocity versus time for the upward and downward parts of a balls flight,BT3
Analyze safe and dangerous aspects of these features.,BT4
Analyze the characteristics of frogs.,BT4
Analyze the movements and sounds of a frog.,BT4
"Analyze the problem, identifying its variables.",BT4
Break down the components of a standard film camera and explain how they interact to make the machine work.,BT4
Break down the main actions of the story.,BT4
"By comparing the map of the tectonic plates to the earthquake map, what inferences can you make?",BT4
Can you compare your . . . with that presented in . . .?,BT4
Can you distinguish between . . .?,BT4
Can you explain what must have happened when . . .?,BT4
Can you find four different feelings Pa Lia had during the story?,BT4
Compare and contrast animals that the class has made.,BT4
Compare and contrast our school to other communities.,BT4
"Compare and contrast preview questions, clarifying questions and anticipated exam questions, including how each relates to the notetaking process?",BT4
Compare and contrast the waterfall model with the prototyping model.,BT4
Compare and contrast two characters in the book.,BT4
Compare fall and spring,BT4
Compare herbatious and carnivorous animals on a Venn diagram.,BT4
Compare how different children come to school.,BT4
Compare the place where the story happened with where you live.,BT4
Compare this book to the last book you read.,BT4
Compare three celebrations using a Venn diagram.,BT4
Compare two dog food commercials. What is the difference between them and how do they both sell their products?,BT4
Compare two of the characters in this book.,BT4
Conduct an investigation to produce information to support a view.,BT4
Contrast building in the coastal zone with building in a river floodplain.,BT4
Contrast Olympic athletes of today with athletes of past Olympic games.,BT4
Differentiate between .call by value and call by reference.,BT4
Differentiate printf function calls for displaying prompts and for echoing data.,BT4
Distinguish between micro and macro economics.,BT4
Distinguish facts from hypotheses,BT4
"Divide the story into initiating event, rising action, climax, and falling action",BT4
"Examine what helps to make a good Olympics? Think about money, schedules, sports and people.",BT4
"Explain the term conjugal families, by making reference to the different types of societies to which they could belong.",BT4
analyze the positive and negative points presented concerning the abolition of guns and write a brief (2-3page) narrative of your analysis.,BT4
"Differentiate the passages that attacked a political opponent personally, and those that attacked an opponent's political programs.",BT4
How does your pet differ from other animals?,BT4
How does...compare/contrast with...?,BT4
How is . . . similar to . . .?,BT4
How was life different in your town 100 years ago?,BT4
How was this similar to . . .?,BT4
How would this story be different if it had happened in a different country?,BT4
How would you distinguish between polymyositis and viral myositis in a 42-year-old man with weakness and a rash?,BT4
"If your story happened in a foreign land, compare that land to the United States.",BT4
"If your story occurred long ago, compare that time with today in a good paragraph. If it was a modern story, compare it with a long time ago and tell what would be different.",BT4
Investigate innovations that can enhance future Olympics.,BT4
Make a diagnosis or analyze a case study.,BT4
Select the athlete of the century and analyze why you chose this person.,BT4
"If interest were compounded monthly instead of daily, what would the difference in interest be?",BT4
What are the parts or features of...?,BT4
Distinguish between the following giving suitable examples,BT4
Distinguish between abstract date types (ADTs) and implementations of ADTs,BT4
"How do you distinguish between the binge-eating/purging type of anorexia nervosa and bulimia nervosa, purging type",BT4
How does Tdap differ from Td vaccine,BT4
How does autonomy differ with age,BT4
In what ways do female offenders differ from male offenders,BT4
in what ways trajectory patterns differ according to ABC,BT4
How do psychologists differ in their general attitudes toward third party presence,BT4
How did Chinese newspapers differ from US,BT4
How does public health reporting differ today from reporting two years before,BT4
How does an endorsement differ from a teaching certificate,BT4
How do we differentiate between genuine buyer and undercover buyer,BT4
How do we differentiate between an interview and an interrogation?,BT4
Differentiate between the following terms along with appropriate examples,BT4
Differentiate the following functions using the quotient rule,BT4
Can you differentiate between ethnic Chinese and ethnic Koreans,BT4
How would you differentiate obstructive apneas from central apneas,BT4
How would you differentiate a project from a program,BT4
How is scientific progress similar to Darwinian evolution according to Kuhn,BT4
"in what ways is oxyperoxidase similar to other oxygenated heme proteins, and how does it differ",BT4
Apply and integrate several different strategies to solve a mathematical problem (not according to one formula(,BT6
Can you create new and unusual uses for . . .?,BT6
Can you design a . . . to . . .?,BT6
Can you develop a proposal which would . . .?,BT6
Can you invent another character for the story?,BT6
Can you see a possible solution to . . .?,BT6
Can you write a new recipe for a tasty dish?,BT6
Choose a character. Rewrite a scene from the story from this character's point of view.,BT6
Combine any two sports to develop a new Olympic sport.,BT6
"Combine elements of drama, music, and dance into a stage presentation.",BT6
Compose a class story.,BT6
Compose a dialogue between Atticus Finch and Tom Robinson when they first met.,BT6
Compose a rhythm or put new words to a known melody.,BT6
Compose a simple rap or rhyme about zoo animals.,BT6
Compose music for a frog play.,BT6
Compose a complete C program that reads text strings from a text file into a suitable data,BT6
Compose a device that would assist an athlete in their training.,BT6
Compose an original work which incorporates five common materials in sculpture.,BT6
Compose your own note-taking design that incorporates all theadvantages of the Cornell Method.,BT6
Create a chart that compares things that use electricity and things that do NOT use electricity.,BT6
Create a new product. Give it a name and plan a marketing campaign.,BT6
"Create a new song for the opening line of ""Mary had a little lamb"".",BT6
Create a set of guidelines to determine the points of a plant susceptible to localized corrosion.,BT6
Create a storyboard for a sequel to your book. Use the same characters.,BT6
Create an equation to represent the solution to this problem.,BT6
Create and perform a play about frogs.,BT6
Create plan of local environment by drawing around boxes.,BT6
Design a building according to given specifications,BT6
design a cost effective strategy to generate reliable data.,BT6
Design a machine to perform a specific task.,BT6
Design a new animal to live in the jungle.,BT6
Design a poster for this book.,BT6
Design a testing scenario to assess the susceptibility of an alloy to be used in a given environment?,BT6
Design and make an animal that moves.,BT6
Design costumes for the characters.,BT6
Design the architecture of the software system based on the requirements defined in the Software Requirement Specification document,BT6
Develop a hypothesis.,BT6
Develop a plan for a new Olympic Bid System.,BT6
Develop a SQA Plan for a software development project which is defined in the attached document.,BT6
"Develop a way to teach the concept of ""adjectives"".",BT6
Develop one plausible ending for all three short stories below.,BT6
Devise a new economic system based on the ones that already exist.,BT6
Devise plans to market or make artwork more valuable.,BT6
Draw a painting that uses various principles of perspective to achieve its effect.,BT6
"Explain how the biological concept of symbiotic relationships could be used to help solve socially created problems like water pollution, overflowing garbage landfills, or homelessness.",BT6
Explain why it is likely that a matriarchal family system would be found in a matrilocal or matrilineal society.,BT6
"Following the identification of the forms of corrosion that were involved in a failure, recommend a solution to avoid this failure?",BT6
Given two opposing theories design an experiment to compare them.,BT6
How could we determine the number of pennies in a jar without counting them?,BT6
How could you re-write this story with a city setting?,BT6
"how do the clauses and expressions given in the article which replace GOTO statements, lead to the three traditional control statements",BT6
How many ways can you . . .?,BT6
How would the U.S.A. be different if the South had won the Civil War?,BT6
How would you change the story to create a different ending?,BT6
How would you create/design a new...?,BT6
How would you restructure the school day to reflect children's developmental needs?,BT6
Identify one problem in the book and give an alternate solution one not given by the author.,BT6
If you had access to all resources how would you deal with . . .?,BT6
Integrate training from several sources to solve a problem.,BT6
Invent a machine to do a specific task.,BT6
Justify your choice of data structure.,BT6
Make a radio announcement that advertise the book. Write it out.,BT6
Make up a new language code and write material using it.,BT6
Name one character. Rewrite the story from this character's point of view.,BT6
Organize this book into three or more sections and give your own subtitle for each section.,BT6
Plan a research paper on a given historical topic,BT6
Predict the differences of a planet with no seasonal changes.,BT6
Prepare a book jacket that illustrates the kind of book as well as the story.,BT6
Pretend you are a librarian recommending this book to someone. Write a paragraph telling what  you would say.,BT6
Revise and process to improve the outcome.,BT6
"After designing an experiment, examining the results, and drawing conclusions, determines in what ways the experiment could be conducted more effectively in order to draw more productive conclusions in the future.",BT5
"After examining the videotape of a play in a football game, determine the degree to which the defensive team performed effectively and",BT5
"After solving a problem, determine the degree to which the problem was solved as efficiently as possible",BT5
Appraise data in support of a hypothesis.,BT5
Appraise the speech's effectiveness based upon the class' criteria.,BT5
Are there students who should not use the Cornell method?,BT5
Are you a . . . person?,BT5
Assess the appropriateness of an author's conclusions based on the evidence given.,BT5
Assess the importance of understanding seasonal patters.,BT5
Assess the relative effectiveness of different graphical representations of the same data or biological concept.,BT5
Assess the strengths and weaknesses of the current Olympics and recommend action that should be taken in future Olympics: What can be,BT5
"Award the contract to the best proposal. Rank the principles of ""good sportsmanship"" in order of importance to you.",BT5
Can you defend the idea that Simon's incident with the pig's head is the most mystical in the story?,BT5
Can you defend your position about . . .?,BT5
Choose a paint schedule for the maintenance of an outdoor structure? (level 2),BT5
Choose and illustrate the two most important events in the story.,BT5
Conclude and support which economic system leads to a higher standard of living.,BT5
Construct a poster that will advertise your new food product in an exciting and irresistible way.,BT5
Critique an experimental design or a research proposal.,BT5
"Critique the other student's (or your own) speech, based on the criteria we have studied this semester.",BT5
Decide whether you are in favor of building on a floodplain; defend your position in a debate.,BT5
Decide whether you could have survived on the island blind and alone. Write about things that would have been challenging making sure to,BT5
Decide whether you learned enough about electricity from this book.,BT5
Decide which candidate would best fill the position of principal.,BT5
Decide which course of action was most effective,BT5
Decide which method of solving a problem was most effective ,BT5
Defend the following claim: The Cornell method works so well that it could turn even a poor lecture into a valuable learning experience.,BT5
Defend your use of a specific strategy in solving the problem.,BT5
Describe the economic consequence of a neolocal society. Support your description with information you have learned from this course.,BT5
Design a healthy menu that you think most people would enjoy using the healthy eating guide.,BT5
Determine if a characters actions were heroic ,BT5
Do you agree...?,BT5
Do you think . . . is a good or a bad thing?,BT5
Establish criteria for making this choice and defend your final selection.,BT5
"Evaluate a work of art, giving the reasons for your evaluation.",BT5
Evaluate appropriate and inappropriate actions of characters.,BT5
Evaluate board games and justify why rules are important.,BT5
Evaluate the corrosion monitoring needs of a chemical processing plant ,BT5
Evaluate the level of galvanic coupling between two metals using basic kinetic information? (level 4) ,BT5
Evaluate two Internet sources of information about the Egyptians. Which would be a better choice for your purpose and why?,BT5
Evaluate whether their model is a true representation of the local environment.,BT5
Evaluate your own or a peer's essay in terms of the principles of composition discussed during the semester.,BT5
Examine the stated positions of both major political candidates with regard to a particular issue and state good reasons (based on principles discussed in class) for why one candidates position is more likely to be effective than the other's.,BT5
Explain and justify a new budget.,BT5
Explain choices made in making recommendations to an end user.,BT5
"Given an argument on any position, enumerate the logical fallacies in that argument.",BT5
"Given the data available on a research question, take a position and defend it.",BT5
"Given the data we've looked at on this topic, evaluate how appropriate this conclusion is and defend your answer.",BT5
"Given the two solutions to the stated programming problem, rate the solutions in  terms of efficiency and readability.",BT5
"Given three possible approaches to implement the defined system, discuss the possible advantages and disadvantages of each approach.",BT5
"Given two possible solutions, A and B, to solving the given software development problem, decide on the best solution. Give your justification.",BT5
How effective are . . .?,BT5
How would you decide about...?,BT5
How would you feel if . . .?,BT5
How would you have handled . . .?,BT5
"improved, reformed or rejected?",BT5
"In a given clinical situation, select the most reasonable intervention and predict the main effects and possible side effects.",BT5
Is there a better solution to . . .?,BT5
udge aesthetic qualities and relationship to future values.,BT5
judge the difficulty level for yourself.,BT5
Judge the value of . . .?,BT5
Judge whether it would be possible to survive on an island alone and blinded. Write about it.,BT5
Judge whether Olympic Ideals are realistic or unrealistic for the contemporary elite athlete.,BT5
Justify and nominate ways to prevent animal extinction.,BT5
Justify the title To Kill a Mockingbird .,BT5
Listen to two classmates conversing on tape and critique their performance on the basis of the skills covered this semester.,BT5
Place the following in order of priority...,BT5
Predict what will happen next in.,BT5
Predict whether Phillip will ever go back to visit the Cay after several years of recovery. Assuming he gets his sight back.,BT5
Recommend how our classroom or playground could be improved.,BT5
State the rule for balls and strikes in baseball.,BT1
State the rule for using a semicolon in a sentence.,BT1
What are major facts about particular cultures and societies,BT1
What are the major products and exports of countries,BT1
What are the representational symbols on maps and charts,BT1
What are the structure or functions of Congress,BT1
What are the units of corrosion penetration rates? Relate these to Faraday's law,BT1
What does ICT stands for,BT1
What is  your family name,BT1
What is a global variable?,BT1
What is a textual index,BT1
What is the setting of To Kill a Mockingbird?,BT1
What is the title of the first movie you saw,BT1
What season are we in right now?,BT1
when did saudi arabia start using internet,BT1
when did the first saudi radio station open,BT1
When did the second world war happen ,BT1
When did you born ?,BT1
when was the first airport in the yemen built,BT1
when was the UN formed,BT1
Which of the following is the method for determining the volume of a cylinder?,BT1
Which of the following item does not belong to the set ?,BT1
Which of the two liquids is hypotonic,BT1
which part of a data packet is used by a router to determine the destination network,BT1
Which technology is used by laser printer,BT1
Who is the first president   of USA,BT1
who is the founder of the kingdom of saudi Arabia,BT1
who was the first man on the moon,BT1
who was the first to compose in the arts of makamat,BT1
Who was the writer of the Hamilton,BT1
Can you state in your own words what the problem is asking you to do,BT2
State in your own words what the author means when he says,BT2
Summarize a historical document,BT2
Summarize a story in own words.,BT2
Summarize Jems beliefs about Boo Radley,BT2
Summarize the basic tenets of collaborative conservation.,BT2
Summarize the basic tenets of deconstructionism.,BT2
Summarize this magazine article.,BT2
Tell how Phillip kept himself alive after Timothy died.,BT2
Tell in your own words how the setting of the story made it more interesting.,BT2
Tell in your own words the beginning of the book.,BT2
"In your own words, tell what is meant by the definition of an isosceles triangle.",BT2
"In your own words, how would you define transferable skills",BT2
Translate a written text aloud from L2 to English.,BT2
Translate an equation into a computer spreadsheet.,BT2
Translate an equation into a spreadsheet formula.,BT2
Translate the following passage from The Iliad into English.,BT2
Use the E-pH or Pourbaix diagram of Cr to determine the control current and potential for the anodic protection of a S43000 stainless steel vessel.,BT2
"Compare and contrast two treatments of either drapery or animals by Greek sculptors, establishing their artistic contexts",BT2
"Briefly compare this way of testing the satisfiability of to the more standard way using SLD Resolution, as in Prolog",BT2
How would you compare SAS with the Visual Basic Application and SPSS for the processing and analysis of mainframe data,BT2
Describe and compare the role of Islamic law in the legal systems of Malaysia and Pakistan,BT2
Express the rule in function notation,BT2
Express the following systems in matrix form,BT2
Express the following percentages as fractions in simplest form,BT2
Explain the whole method of crushing,BT2
"In your own words, how would you summarize the story up",BT2
Summarize the main point of these two texts in your own words,BT2
Outline the aim of two studies within the,BT2
Outline your experience in working with service users,BT2
How do teenagers use code in emails and instant messages?,BT3
Use the second-derivative test to determine whether critical points where f0(x) = 0 yield relative maxima or relative minima,BT3
Use the unification algorithm to determine whether the following two terms are uni_able. Show intermediate step,BT3
Use tableau methods to prove that the following tableau is valid.,BT3
Use a sketch too find the exact value of each expression,BT3
Use Gauss Law to find the electric field between the plates when the charge on them is Q,BT3
What happens if you restrict a determinental process to a subset R  S? ,BT3
What would happen if the rainfall doubled in your state next year,BT3
What happens if you change the direction of the displacement (but not its size)?,BT3
What would you do if a heavy growth of bacteria had occurred,BT3
What would result if ,BT3
What approach would you use to prove the truth of the below statement,BT3
Construct one Turing Machine for computing each of the following functions,BT3
Construct a Venn diagram to determine the validity of the given argument.,BT3
Construct a dictionary and a truth table to determine if the following statements are logically equivalent,BT3
"How can we construct H given I, B and E?",BT3
Construct a family of networks to demonstrate that the number of different mincuts in a network can be exponential in the size of the network,BT3
How do you construct foliations on a given manifold M?,BT3
How to Construct the Optimal Maintenance Problem,BT3
How to construct simple solutions when problems are complex?,BT3
Construct the 4-Bit Ripple carry Adder Circuit,BT3
Construct an analog circuit with the following specifications,BT3
Construct the Data Path of the RISC Processor given in the previous question,BT3
How do we construct agents that can deliver. good assistance,BT3
How to construct the selected information system,BT3
Show how they have used creative writing strategies appropriate to the format,BT3
Show how to modify Fitch's algorithm given in class today to accommodate non-binary,BT3
Show how E-CRM can be used to improve marketing positioning as explained in the article,BT3
How would you show your understanding of the ABC process,BT3
Show me how you would check the brake lights are working on this car,BT3
In what ways are foxes similar to wolves and dogs,BT4
How are the adolescents with ASD similar of different from each other in their sources of communication breakdowns ?,BT4
Examine the data in the EMPLOYEES and DEPARTMENTS tables,BT4
Examine the differences between the model excluding the most influential observation and the model including all observations.,BT4
Critically examine the strengths and weaknesses of the positivist paradigm,BT4
Examine differences between the means of each individual switching factor.,BT4
Examine carefully the given map extract on the following page to help you work out the exercise below.,BT4
"Inspect each of these Boolean expressions, and determine whether each one is a sum of products, or a product of sums",BT4
Inspect the size of the loaded data: how many objects and variables does the iris data matrix contain?,BT4
Can you distinguish for me between what is reasonably  achievable and what are  exaggerations,BT4
Can you distinguish aged rums from unaged rums by smell,BT4
Can you distinguish pot still rums from column still rums by taste,BT4
Inspect the pattern of GPS positions relative to the known published value,BT4
How does your agency inspect against its expectation for operators,BT4
How to inspect and maintain fresh water plumbing systems properly,BT4
Can you analyze the fractures and determine which should be repaired surgically,BT4
Can you please analyze modern contemporary culture and tell me how your work plays a significant part in the remains of our post-modernist culture ?,BT4
"How effectively did students analyze course content on race, class, and privilege through autobiographical reflection",BT4
How do you analyze a marginally RCT,BT4
"Contrast the treatment of ""well known"" trademarks provided by Paris Article and by TRIPS Article",BT4
Contrast the Valles Marineris on Mars with the Grand Canyon,BT4
How does Hawaii contrast and compare to Florida?,BT4
Investigate whether or not the system can be solved for x; y; z ,BT4
Investigate (pointwise) convergence and absolute convergence of the given series of functions,BT4
How would you investigate this patient,BT4
How would you investigate this abnormality,BT4
What can I do to investigate this problem further,BT4
how the investigation was undertaken,BT4
How would you differentiate between heterodox and mainstream,BT4
"How do I differentiate between ""deceive"" and ""cheat on""?",BT4
Revise how to complete a complex task in order to improve the outcome.,BT6
Revises and process to improve the outcome.,BT6
"structure, sorts the list in ascending order, displays the list on the screen and stores the list",BT6
Suppose Phillip wasn't rescued shortly after Timothy's death. How long could he have survived?,BT6
"Using information from the book about one of the main characters, rewrite the ending of the book.",BT6
What ideas can you add to...?,BT6
What might happen if you combined...?,BT6
What solutions would you suggest for...?,BT6
What would happen if . . .?,BT6
What would you predict/infer from...?,BT6
Why dont you devise your own way to deal with . . .?,BT6
Why not compose a song about . . .?,BT6
"Write a C program that accepts integer inputs from the screen, computes the total and average values; and displays the values on the screen.",BT6
Write a letter to the editor on a social issue of concern to you.,BT6
Write a logically organized argument in favor of a given position.,BT6
Write a poem about this book.,BT6
Write a set of rules to prevent what happened in the story.,BT6
Write a short story relating a personal experience in the style of a picaresque novel.,BT6
Write a song about 'Old MacDonald' who had a bulldozer instead of a farm.,BT6
Write an essay in not more than 250 words about India and Technological Advancement. Use active voice as much as possible.,BT6
How do you combine the results of various individual tests to determine whether a student can progress to a next semester / phase / year?,BT6
How can we combine and abstract facts about a software system to create new knowledge?,BT6
How to combine virtual symmetry and symbolic model checking effectively,BT6
How do we efficiently combine multiple subject graphs to construct an aig with choice,BT6
how do we devise a way to enforce the laws,BT6
can you devise an explicit formula for,BT6
Do you devise a systematic approach in order to get larger progressions,BT6
Develop and execute a program for this exercise,BT6
Develop a network based on the following information: Activity Immediate predecessors,BT6
How could we develop a coherent measure of success for organisations engaged in this type of activity with young people?,BT6
Select the best proposal for a proposed water treatment plant.,BT5
Select the most effective solution.,BT5
suggest ways in which it could have responded more effectively,BT5
decide about the most exciting part of the book. being sure to give at least three reasons why?,BT5
Use a judge and jury to discuss the statement 'Children enjoy Anthony Browne's books because of the illustrations'.,BT5
"Using straight value depreciation, decide between two copper-nickel alloys for the design of a heat exchanger. ",BT5
"Using the basic principles of socialism discussed in this course, evaluate the US economic system by providing key arguments to support your judgment.",BT5
Was Hemingway a great American writer? First you will need to define greatness.,BT5
What changes to . . . would you recommend?,BT5
What criteria would you use to assess the validity of a business contract?,BT5
What criteria would you use to assess...?,BT5
What do you think about . . .?,BT5
What is part of this book did you like best. Tell why you like it?,BT5
What is the most important...?,BT5
Which of the following actions would probably be least effective in determining the answer?,BT5
"Which of the two algorithms, bubblesort or quicksort, is more efficient? Justify your answer.",BT5
Would you have liked to have had Cinderella for a sister? Explain why or why not.,BT5
Write a list of criteria to judge the Willy raps.,BT5
Revise the story and specify the type of audience that would enjoy this book.,BT5
Estimate the epicentral coordinates of the earth-quake,BT5
Estimate the risk of serious illness for consumers in different susceptible population groups,BT5
Estimate expenditure on HIV/AIDS education,BT5
Estimate the difficulty of the question,BT5
Estimate roughly how long the collision process takes,BT5
What do you think is the best thing about coming to Viestal?,BT5
What do you think is the mass and why,BT5
What do you think are the strengths of using integrated math in your program?,BT5
Do you think that this statement conveys the idea that i am trying to portray,BT5
How do you think the community should grow or change,BT5
How Do You Think One Should Reason in Making Ethical Decisions in Business,BT5
Can you tell me about the stages of grief according to Elisabeth Kübler-Ross?,BT1
An infinitely long plane uniform plate is bounded by two parallel edges in the y direction and an end at right angles to them.,BT4
List out FIVE (5) ways how manufacturing and service companies have commitment toward the environmental friendly practices. ,BT1
Write short notes on the structure of RNA. ,BT2
A PIC 18 is connected to the 4MHz crystal oscillator.,BT3
What are the file access methods?,BT1
"Referring to the advertisement design below, evaluate the usage of Dominance and Unity in principles of design.",BT5
A fair coin is tossed 64 times.,BT3
What do you mean by Widmanstatten Structure?,BT1
Design a spring for a balance to measure 0 to 1000 N over a scale of length 80 mm.,BT3
Give the specifications and applications of SCR.,BT1
Causes of Gear Tooth Failure explain in detail.,BT4
Describe the types of vibrators used for compaction of concrete.,BT1
What are the causes of an earthquakes.,BT1
What is Biomass?,BT1
Explain the use of for loop with syntax and suitable programming example in Java.,BT2
"Draw the band diagram of a reverse biased pn junction. With reference to the band diagram and charge carriers, explain why there is negligible current flow in the diode. ",BT2
"The pre-planning stage of a lesson takes into consideration several factors. Name 
FIVE (5) external factors and briefly explain the importance of each of the factors. ",BT2
Differentiate between Convective and local Accelerations.,BT4
Describe Packet format of IPv6 in detail with suitable diagram.,BT4
List FIVE (5) basic types of research.,BT1
Give the mechanism of nitration of benzene.,BT3
What is the significance of coating on the material properties?,BT1
Determine the doping levels in the respective regions.,BT3
How is the equilibrium constant K related to the standard free energy change?,BT4
Write a short note on bearing materials.,BT1
Explain in detail the importance of preliminary geological exploration in civil engineering projects.,BT1
Write short note on current boosting regulator.,BT2
Derive formula for numerical differentiation of first order using Newtonâs forward interpolation technique.,BT4
Explain in brief the direct screen stencil making process.,BT1
"Using the process approach in writing composition, describe the activities you would 
carry out to write a composition entitled 'A visit to a zoo in a Form 1 class. ",BT2
Define Usability.,BT1
State  and explain the working principle of the DC generator along with a diagram.,BT1
Compare linear and switching mode power supply.,BT1
Draw Production Possibilities Frontier and Trading Possibilities Frontier for China and Thailand. Clearly label the total output before specialization and total output after trade in the diagrams.,BT2
Explain effective modular design with neat diagram.,BT4
Draw the ASM chart for the following state machine.,BT3
What is configuration identification in SCM?,BT1
List and explain various features of virtual 8086 mode.,BT1
Explain model for network security.,BT1
Explain Demand and supply curve.,BT2
Describe the THREE (3) causes of concrete blister. ,BT2
Explain transfer function of an AC servo motor with suitable diagram.,BT1
What is Design?,BT1
Illustrate the THREE (3) advantages of silicon over germanium. ,BT2
Explain the representation of polynomial using GLL.,BT4
State the different applications of contour lines.,BT2
A girder or uniform section and constant depth is freely supported  over a span of 200 Centimeters.,BT3
What is Decomposition Technique?,BT1
Describe the historical development of wind turbine on global level.,BT1
List the SEVEN (7) stages of the development process of a building project. ,BT1
Draw and discuss the bimetallic thermometer.,BT2
Explain in detail pipeline performance.,BT2
Describe the circumstances when tertiary treatment of wastewater is necessary. ,BT2
Calculate the average holding and setup cost per year. ,BT3
"""The bullwhip measure can be used to analyze supply chains. Nevertheless, inaccurate measures taken in addressing variance amplification can have ramifications"".  Explain this statement. ",BT2
Explain the working o single-phase full wave centre tapped rectifier with pure resistive laod.,BT1
State the different patterns of counter showing natural features.,BT2
Explain the possible flow patterns in the culvert depending on the level of the rain water in the car park and the drain channel. ,BT2
Use minimum 8 functions of Deque STL.,BT4
Evaluate 1 2 01dx xï«ï² using Trapezoidal rule taking h = 1 4.,BT3
Explore the role of various fields in Page Level Protection.,BT1
Explain construction and working of RVDT with neat diagram.,BT2
Elaborate the term of national income as used in building economics.,BT2
Write short note on IEEE 802.,BT1
What are fractals?,BT1
What is SMPS? Explain working principle of it.,BT1
Show that the vector Field.,BT5
State Lambert and Beer laws and derive the combined law equation.,BT4
Describe how soils are involved in the greenhouse effects. ,BT2
How folds are developed?,BT2
What is meant by multicore architecture?,BT1
Discuss in detail preliminary geological work on dam and reservoir.,BT1
What are the variants of recursion.,BT1
With suitable diagram explain constructional details of 3 phase slipring induction motor,BT1
How Basic Arithmetic operations are performed using ALU IC 74181?,BT3
Explain the use of BSR mode of 8255.,BT2
State  the Characteristics of contour lines?,BT1
Discuss âSwedish Slip Circle Methodâ for stability analysis of finite slope.,BT1
State TWO (2) subsystems of AIS. ,BT1
What is Remote sensing?,BT1
What is the necessity of ventilation and explain types of ventilation?,BT2
Draw and explain block diagram of SMPS.,BT2
Find the inverse Laplace transform of given network given F( s).,BT3
National income can be calculated using three approaches. State the THREE (3) approaches.,BT1
"As a project manager, you are evaluating the building design for its compliance to intended function as a private college accommodating over 2000 students. Analyze the problems and propose the building performance to meet these functions. ",BT6
Explain 1860 with block diagram.,BT2
Explain qualitative and quantitative data.,BT1
Explain why a sustained inflation is a purely monetary phenomenon and cannot exist without the cooperation of the Bank Negara Malaysia (BNM). ,BT2
Explain different methods to handle multiple interrupt request.,BT2
List various types of flow control valve.,BT3
What is Sub Zero Treatment and why is it necessary?,BT1
Write a short note on control system and electronics.,BT1
Explain Landslides causes and remedial measures.,BT2
Explain Soft and hard solder.,BT2
What is BGP?,BT1
Explain the function of International Monetary Fund (IMF). ,BT2
List the advantages and disadvantages of FM over AM.,BT1
Barbie Dolls have been banned in some of countries. Provide FOUR (4) countries and evaluate the reason behind the ban. ,BT5
"The Malaysian economy is currently operating at the natural level of output. In order to be a high-income country in 2020, government of Malaysia decides to increase the government spending. Discuss the effects of the event on the price level, unemployment and output in the long run and short run in Malaysia with appropriate diagrams.",BT2
Describe the historical development of wind turbine on Indian level.,BT1
Depict the figure showing he feeder pathways for glycolysis.,BT1
Describe Logical Programming.,BT1
State and prove sampling theorem with suitable waveform and mathematical expression?,BT4
Define graphic design and product design. ,BT1
Describe V AT Polymerization process in short.,BT1
Explain and differentiate between TWO types of aggregations when colloidal particles are unstable. ,BT4
Define Draft tube.,BT1
What is perspective projection?,BT1
State following statements are True of False.,BT1
"Write recursive function for in-order, pre-order and post-order traversal of Binary tree.",BT3
Define transducer and state detailed classification of transducers.,BT1
A badminton hall to be provided with a lighting installation.,BT3
What is Template?,BT1
Show that the wavefunction of a free particle is a plane wave. ,BT3
Draw and explain the ARM family core architecture?,BT4
What is MOD counter ?,BT1
Explain Calorific Value.,BT1
What is File?,BT1
Explain fiber reinforced composites and particle reinforced composites.,BT1
"""Firms can use existing brand names or create new brands on the internet"". Evaluate the above statement. ",BT5
Write a short note on Saytzeff rule.,BT4
State the necessary conditions for parallel operation of transformers.,BT1
Describe MOST with suitable illustration.,BT1
Explain the properties of instantaneous centre of rotation.,BT4
Explain Kinematic modeling in Virtual Reality.,BT4
"The correlation between the S&P 500 index fund and the emerging market fund is zero. Consider portfolio A, which consists of 80% of the S&P index fund and 20% of the emerging-market fund. Calculate portfolio A's expected return and standard deviation. ",BT3
What are Pumps and Compressor used in Hydraulic and Pneumatic Systems?,BT1
Illustrate with example the FOUR (4) advantages of photography. ,BT2
Enlist different names of satellite and state features of any two of them.,BT1
Define economic threshold and its use. ,BT2
Construct the binary search tree (BST) from the following elements.,BT3
Evaluate the first and second derivative of âx at x=15 from the following data,BT3
Draw & explain the working principle of bubble type level measurement. State the equation for it.,BT1
Derive the relation between maximum permissible tension and centrifugal tension in belt so that it can transmit maximum power.,BT4
Describe the TWO (2) conditions that lead to bank failures. Provide the examples of bank failures that happened in the past with a specific time frame. ,BT2
A centrifugal pump having outer diameter equal to two times the inner diameter and running at 1000 r.,BT3
Derive the torque equation of DC motor with usual notations.,BT4
Explain the different conditions for spontaneity by using Gibbs free energy.,BT4
How wind and ice loading affect the presence of sag.,BT2
Sketch and label the section of the ground floor slab. Explain the purpose of each labelled component. ,BT3
Predict the effects of excess application of nitrogen fertilizer into the soil. ,BT2
Explain how the verticality of tall building is checked?,BT3
Draw and explain the working of a Digital kilo watt Hour Meter.,BT1
Derive the expression for loop inductance of single phase overhead lines.,BT4
"Solve the one dimensional heat equation 2 2y uktxï¶ï¶ï½ï¶ï¶ subject to conditions. i) u is finite .tï¢ ii) u (0, t) = 0, iii) u(ï°, t) = 0, iv) u( x, 0) = ï°x â x2  0.xï°ï£ï£",BT3
Draw and explain magnetization curve for a ferromagnetic material and hence define with uints,BT1
What are pipeline hagards?,BT1
"With the aid of a diagram, briefly show how the width of a FinFET is estimated.",BT3
Define exception.,BT1
Classify insulating materials and hence write properties and applications of any two materials from Class C type.,BT2
"In their efforts to achieve their macroeconomic objectives, all governments, regardless of political persuasion, employ the same types of policy instrument. Discuss.",BT2
What are elastic pressure transducers?,BT1
Write short note on stainless steel?,BT1
Explain the page translation process in 80386.,BT4
Write algorithms to create and delete a segment.,BT1
"Suppose milk and yogurt are within Sophie's budget and she views yogurt as an inferior good. Using indifference curve and budget line, explain the substitution, income and total effects when the price of yogurt falls. ",BT3
Draw a diagram to illustrate the Edman degradation reaction in protein sequencing. Describe some potential complications during Edman degradation protein sequencing. ,BT2
Explain file attributes.,BT1
Describe the construction of foil type strain gauges and explain their advantages over wire wound strain gauge.,BT4
Draw and label an activity temperature profile for mesophilic and thermophilic enzymes. Provide explanation to this phenomenon.,BT2
Describe consumer behaviour. ,BT1
"Mr. Vilas brough an air-conditioner for Rs. 20,000; he paid tax of Rs. 2,000 and Rs. 200 for trnsport. If he sold it to a customer forRs. 22,500, what is the percentage profit or loss?",BT3
Explain the following in relation with filters.,BT1
Bankerâs algorithm is used for deadlock avoidance. Explain.,BT1
What are the requirements for Linux system administrator?,BT1
Implement a full-adder using Demultiplexer.,BT3
What do you mean by Earned Value Analysis?,BT1
"SUBWAY brand is the world's largest submarine sandwich chain with more than 44,000 locations around the world. This November, Subway is introducing two new combos as in the image provided below. Propose a rough layout of a poster to promote these new combos. ",BT6
Explain briefly the media usage in advertising effectiveness. ,BT2
What is the purpose of Leaky bucket and token bucket algorithms?,BT1
Explain the working of full wave precision rectifier with neat diagrams.,BT2
A Rankine cycle operates between pressure of 80 bar and 0.,BT3
What is runtime polymorphism?,BT1
How does the falling and rolling ball viscometer used to measure the viscosity?,BT3
Explain the concept of Available and Unavailable energy.,BT1
What is stream?,BT1
Evaluate ()11 00xyd x d y +ï²ï² using Simpsons 1/3rd rule with h=k=1/2,BT3
Index for 87 divisions by compound indexing using following Brown and Sharpe Plate.,BT3
Compute the intensity of active earth pressure at a depth of 8 m in dry cohesionless sand with an angle of internal friction 300 and unit weight of 18 kN/m3.,BT3
What are the rules for overloading operators?,BT1
Differentiate between Reciprocating and Rotary Compressors.,BT4
"In a BJT, the width of the base quasineutral region has to be small compared to the minority carrier diffusion length. Explain why this is important ",BT2
Give the Dirichlet conditions for Continuous time Fourier Series.,BT1
Explain process reaction curve tuning method in detail.,BT1
Illustrate the following Map methods with an example.,BT2
A  tacheometer with analystic lens.Having the multiplying constant 100 was used and the following observations were made on staff held vertical.,BT3
Explain any one method of viscosity measurement.,BT1
Explain mechanism of universal indexing head.,BT1
Evaluate .,BT5
Explain the construction and working principle of universal motor.,BT2
A solution was prepared by dissolving certain amount of compound in 31.,BT3
Explain working of Ports in 8051 microcontroller.,BT2
Analyse the bent shown in figure 4 by slope deflection method.,BT4
Explain casement window in detail.,BT2
Give basic definition of Y parameters explain why Y parameters are called short circuit admittance parameters.,BT1
Draw the architecture of 8086. And enlist the features of it.,BT1
Briefly describe how poultry sexing is commonly carried out in a hatchery. ,BT2
Sketch a diagram to illustrate the activities and products in the construction industry. ,BT3
Explain the differences between forward and futures contract. ,BT2
The design rules are usually described in TWO (2) ways. Describe these TWO (2) ways. ,BT2
What are types of condensation?,BT1
Derive expression for the pressure drop for a steady laminar flow through circular pipe.,BT4
What do you mean by spontaneous magnetization?,BT1
Differentiate between âtrial pits' and 'boreholesâ. ,BT4
Define put-call parity. Discuss its implications and how arbitrageurs could take advantage of arbitrage opportunities for both options. ,BT2
Describe the operation of timer 555 with suitable block diagram.,BT1
A 300 volt DC Shunt motor has armature resistance of 0.,BT3
Define software testing?,BT1
Explain a âCâ function to insert node in BST (Binary Search Tree).,BT3
Explain seismic waves in detail.,BT1
All partition walls are of 150 mm thick.,BT3
"Besides silicon and germanium, name ONE (1) other material that can be used as the substrate of a transistor. ",BT2
Describe price feedback effect by using relevant example.,BT2
Define stack as an ADT.,BT1
What is logic family?,BT1
"Explain how the ionic, metallic, covalent, and mixed states solids are formed. Give an example of each solid and compare the electrical conductivity of the four types of solid. ",BT2
Compare Linear V oltage regulators with SMPS.,BT4
Assuming that the diameters of 1000 brass plugs taken consecutively from a machine form a normal distribution with mean 0.,BT3
What are types of acceleration?,BT1
With the help of diagram explain the diesel power plant.,BT2
Describe Adaptive Delta modulation with neat diagram.,BT2
Explain file functions for text file and binary file operations.,BT1
Explain THREE (3) purposes of architectural drawings to architects and other parties in the construction team. ,BT2
Identify FOUR (4) factors that influence consumer behaviour. ,BT1
Explain the necessity of providing fire protection system in building.,BT1
Define and explain the following op-Amppovameter,BT1
What do you mean by triangulation and trilateration in geodetic survey?,BT1
Define terms.,BT2
What is a solar collector?,BT1
Write short note on lamination methods.,BT1
Analyze SIX (6) types of modern construction problems as to how they negatively impact the various building functions. ,BT4
Outline the FIVE (5) options marketers have when it comes to Agency Selection. ,BT2
Describe with neat diagram molecular machines.,BT2
Design an adjustable voltage regulator using LM317 for output voltage 1.,BT3
Explain following pins of 8051.,BT2
Draw and explain IPV4 header format.,BT1
A T section with 200 mm X 50 mm and web 200 mm X 50 mm as shown in figure 1 is subjected to vertical shear force of 200 KN.,BT3
Enlist the feature of the Programmable Interrupt Controller Intel 82C59A.,BT1
A thermos flask with evacuated space to reduce the heat losses having surfaces facing each other of emissivity 0.,BT3
"As an educator, evaluate FIVE (5) advantages and FIVE (5) disadvantages of using technology in education. ",BT5
List and briefly describe the FOUR soil forming processes. ,BT2
The breakdown voltage of the gaseous insulating material experiment was carried out at the material science laboratory.,BT3
Explain working of single phase half wave rectifier with RL load.,BT1
Support your answers with ONE (1) example in everyday life for EACH perspective. ,BT5
Elaborate on the design and production process including the rational and economic use of resources that influence the development of a building. ,BT2
Explain with neat sketch battery ignition system.,BT1
Draw and explain operational model of network security.,BT1
"Company directors remain the most important group of people who monitor 
and control the company on behalf of the shareholders. Explain the SIX (6) roles of company directors.",BT2
An axial pull of 25 kN along with a shear force of 20 kN is applied to a circular bar of 20 mm diameter.,BT3
Calculate first four moments about the mean of the following distribution.,BT3
Suggest a technique that can overcome the problem of non-reusability for industrial enzyme applications. ,BT6
Define functional dependency.,BT1
Enlist features of a good hash function.,BT1
Give the composition of duralumin.,BT1
A 230 V DC shunt motor runs at 800 rpm and takes armature current of 50 A.,BT3
Construct the binary search tree (BST) from the following elements:,BT3
Identify FIVE (5) strategies to make hypermarket retail layout to be more attractive in responding to customers' various shopping behaviors.,BT2
"In a table, list EIGHT differences between GenBank and RefSeq DNA sequences. ",BT2
What is Mutual Exclusion?,BT1
Write a short note on topological sorting.,BT3
List the steps involved in programming PIC microcontroller in capture mode.,BT1
Explain typical connections of 78XX and 79XX regulators with circuit diagram.,BT1
Write one important feature and an application each of the following motors.,BT1
Explain the TSS descriptor and its role in multitasking.,BT4
Describe the objective and classification of triangulation survey.,BT2
What are the different types of Financial Analysis?,BT1
Short term and long term incentives have their own merits in promoting corporate performance. Compare and contrast the problems associated with both short term and long term incentives. ,BT4
Identify THREE (3) types of securities that are issued by Malaysian government. Explain each in detail. ,BT2
Elaborate on detectors used in AC bridges.,BT3
For the configuration shown in the following fig.,BT3
What is template?,BT1
What is the need of hidden surface algorithm?,BT1
"Explain in detail the working of dynamometer types wattmeter with a neat diagram. Also, state its advantages and disadvantages.",BT1
Summarize different access controls in Java.,BT1
Explain the working principle of McLeod low pressure vacuum gauge. With neat sketch.,BT1
Show that the vector field.,BT5
Discuss the best practices to reduce construction demolition and waste for sustainability. ,BT2
Illustrate the effect of an expansionary monetary policy. Justify your answer with an appropriate diagram. ,BT5
How pressure regulation is done pneumatic circuits?,BT1
"You attempt to purify a single protein X from a complex mixture of proteins. Protein X has a large number of aspartic and glutamic acid residues and no lysine, arginine or histidine residues. Suggest and explain a method to elute protein X from the column. ",BT6
What is ADT?,BT1
What are the factors that must be considered for deciding the instruction length.,BT2
"Discuss in detail the Sharpe, Treynor, and Jensen measures of portfolio performance evaluation, by identifying the situations in which each measure is the most appropriate measure. ",BT3
List the SEVEN (7) factors to be considered in the method of excavation and timbering. ,BT1
"Within an organization, each employee holds different roles in the informal communication networks. Explain any FOUR (4) roles with an example for each role. ",BT3
Mass media regularly use women in the mediuin of marketing and advertising. Discuss the possible negative consequences for various segments of the population and society. ,BT2
Explain indexed sequential file organization.,BT1
Describe and sketch the THREE (3) types of brick bonding. ,BT3
State and explain rules of inference.,BT1
Define :,BT1
The internet is ideal for gathering people from all corners of the globe into communities with similar interests and tasks. Recommend THREE (3) ways that can be used to target online communities. ,BT6
Explain the principle of autoclaving with its applications.,BT4
List and explain various features of virtual 8086 Mode.,BT1
Explain various process management system calls in Linux with example.,BT1
"List FIVE (5) suggestions on how Malaysian public listed company director in Malaysia can perform  'Duty to use Reasonable Care, Skill & Diligence'. ",BT1
A rectangular beam of breadth 100 mm and depth 200 mm is simply supported over a span of 4 m.,BT3
What are the salient features of engineering student's hostel building?,BT1
Derive Lagrangeâs Interpolation formula for unequally spaced data points.,BT4
Differentiate between Gibbs adsorption equation and dynamic surface tension in the study of adsorption at interfaces. ,BT4
Name FOUR enzymes in DNA replication and state their functions. ,BT2
Write a note on SRAM.,BT1
What is meant by back emf in DC motor? State the equation of back emf. Also explain how back emf acts as a regulating mechanism whenload on DC motor changes.,BT1
Derive an expression for LMTD  for parallel flow heat exchanger with neat sketch.,BT4
Explain a âCâ function to Insert a number in doubly linked list.,BT3
Enlist and draw different types of polygon?,BT1
What is RTD?,BT1
Define following terms,BT1
How packaging is providing protection to product from biological effects.,BT4
Explain the behaviour of ferromagnetic material under curie temperature.,BT1
In an engine mechanism as shown in figure.,BT5
Derive the expression for armature torque developed in a DC motor.,BT4
Explain the features of LISP programming.,BT1
Suppose the two countries wish to specialize and trade. Specifically determine and explain which country enjoys comparative advantage in the production of sugar cane and blue agave. ,BT3
Explain quick sort algorithm with suitable example.,BT4
What is tree structured directory?,BT1
What are the parameters considered for writing a good defect report?,BT1
Obtain regression lines for the following data.,BT4
A four pole lap wound DC motor has 540 conductors.,BT3
Write a short note on capacity control of compressors.,BT1
Describe the properties and application of the following materials.,BT2
Differentiate between Symmetric and Asymmetric Key Cryptography.,BT4
List and explain the FIVE (5) institutional structures that can promote and sustained economic growth. ,BT2
Explain the types of HMI.,BT1
The crank of an engine is 200 mm long and the ratio of connecting rod length to the crank radius is 4.,BT3
Mr.,BT3
What is LANDSLIDE?,BT1
Draw & explain TCON register.,BT1
Explain the following operations performed on lathe with suitable sketch.,BT4
Define briefly the role of marketing in advertising effectiveness. ,BT1
What are Electroactive Polymers?,BT1
"With the neat diagram, explain the working operation of 4-bit SISO.",BT1
Which raw materials are used for manufacture of nitrogeneous fertilizers produced from Ammonia.,BT1
Explain electronic energy meter with a neat diagram.,BT1
Explain in brief the mesh selection criteria for screen printing applications.,BT3
Write in details FIVE (5) phases of design process.,BT2
Compare pulse Amplitude modulation and pulse position modulation.,BT4
With suitable circuit diagram and phasor diagram explain one wattmeter method for measurement of reactive power.,BT1
State and explain basic components of ASM chart.,BT3
Explain low drop out regulator with neat diagram in detail.,BT1
"Find the directional derivative of xy yz xzÏ=++  at (1, 1, 1) along line 111 212x yz âââ== .",BT3
"Based on your knowledge on the physics of semiconductors, evaluate the limit for the minimum feature size of silicon MOSFET.",BT5
Write a short note on survey for drainage line work?,BT1
What are the advantages of digital instruments over analog instruments.,BT2
What is Exception handing? How to handle Exception in Java?,BT1
What is aliasing? How can it be avoided.,BT1
Differentiate between Microscopy and Macroscopy.,BT4
Provide FOUR (4) reasons of using aggregate in concrete production. ,BT2
What improvements needs to be done for packaging waste.,BT5
Elaborate THREE (3) channels of the transmission process for monetary policy. ,BT2
Explain the working of circular queue.,BT1
Define package used in Java.,BT1
Suggest FOUR (4) recommendations in dealing with intersexes. ,BT6
What is a doubly linked list?,BT1
Explain the function of 78XX and 79XX voltage regulator.,BT2
What is instruction hazard?,BT1
Describe the assumptions of monopolistic competitive market.,BT2
List the features of 8086 microprocessor.,BT1
"KOMUGI offers a deliciously authentic variety of handmade Japanese breads, cakes and confectioneries. In 23th December 2017, KOMUGI will launch its first outlets in Perak which will be located in Jusco Kinta City, Ipoh. Your client KOMUGI would like to run a coupon promotion for perakian. Design a creative coupon with catchy messages, slogans and offers to attract the perakian. ",BT6
Identify FOUR (4) major crisis variables in organizing and analyzing crisis evolution data. Support your answer with explanation and ONE (1) example for each variable. ,BT2
State and explain types of belts.,BT1
Explain static and dynamic tree tables with suitable example.,BT4
Draw and explain block diagram of 8051 in detail.,BT2
A hollow circular shaft has external and internal diameter as 100 mm and 60 mm respectively.,BT3
Differentiate between Putlog and Independent Scaffold. ,BT4
Explain the Media Richness Model. Use the model to discuss how managers can pick the best channel in communicating with staff and support your discussion with a scenario. ,BT5
State the advantage of applying each step in the purification scheme. ,BT2
State various materials used in reinforcement of plastics.,BT1
Define pyrolysis and cracking in petroleum refining process.,BT3
Identify any FIVE (5) significances of nonverbal communication in organization. ,BT1
Enlist any four types of flooring.,BT1
What is DMA?,BT1
Money growth is always interrelated with inflation phenomenon. Explain how the growth of money will affect the economy when the economy is operating at the full capacity. Illustrate by using an appropriate diagram.,BT4
What is SCM?,BT1
Explain the Bezier curve.,BT4
Derive an expression of velocity and shear stress distribution for laminar flow between fixed parallel plates.,BT4
Describe the THREE (3) roles for social media in branding.,BT1
Apply the block digram reduction rules to reduce the following system into canonical form and determine its control ratio.,BT1
Assume that Japan is currently operating at the natural level of output. Investor is optimistic about the future due to the outstanding performance in the stock market. Explain the effect of event to the price level and output level in the short run and long run in Japan by using an appropriate diagram.,BT2
"In maintaining concrete quality, identify SEVEN (7) good practices on site. ",BT1
An infinite slope is made of clay with the following properties:,BT3
What are the salient features of vegetable market building.,BT1
What is Inheritance?,BT1
Discuss following terms.,BT1
Find the Laplace Transform and ROC of Unit Step function and Unit Ramp function.,BT4
Name the four different types of interactions involved in building the tertiary structure of proteins and give one denaturing agent for each.,BT2
Explain FOUR (4) benefits of using Digital-Out-Of-Home in advertising. ,BT2
Write short note on external sort.,BT1
Explain in brief reactions involved in manufacture of silicone rubbers with mechanisms.,BT3
Give dimensionless numbers in case of natural and forced convection.,BT1
Banks act as an important institution in the financial system. Briefly explain what a bank run is and provide THREE (3) causes that lead to its occurrence. ,BT2
Explain Network stability.,BT1
List TEN (10) components of an effective crisis communication plan.,BT2
Explain in brief the exposure time calculation method for screen stencil making process.,BT1
Write a note on User Interface Design.,BT1
Discuss in detail with a case history how geological investigations have helped for proper site of Dam.,BT4
"Construct a DNA based cladogram using neighbour-joining approach, and suggest the relationship of S, M, and D species. ",BT6
Describe the basic Qlassic inspection tools used and how they are used to detect the various types of defects for their assessment of quality.,BT2
Explain Intel i860 processor with block diagram.,BT1
Propose TWO (2) strategies that a minority opinion can overtake the majority and be accepted. ,BT6
How are polymers classified on the basis of their structure?,BT1
Discuss the different types of threads used in power screw.,BT1
Draw a block diagram of electronic energy meter and explain how it operates.,BT2
,
,
,
,
,
,
,
,
,
,
,
,
,
,
,
,
,
,
,
,
,
,
,
,
,
,
,
,
,
,
,
,
,
,
,
,
,
,
,
,
,
,
,
,
,
,
,
,
,
,
,
,
,
,
,
,
,
,
,
,
,
,
,
,
,
,
,
,
,
,
,
,
,
,
,
,
,
,
,
,
,
,
,
,
,
,
,
,
,
,
,
,
,
,
,
,
,
,
,
,
,
,
,
,
,
,
,
,
,
,
,
,
,
,
,
,
,
,
,
,
,
,
,
,
,
,
,
,
,
,
,
,
,
,
,
,
,
,
,
,
,
,
,
,
,
,
,
,
,
,
,
,
,
,
,
,
,
,
,
,
,
,
,
,
,
,
,
,
,
,
,
,
,
,
,
,
,
,
,
,
,
,
,
,
,
,
,
,
,
,
,
,
,
,
,
,
,
,
,
,
,
,
,
,
,
,
,
,
,
,
,
,
,
,
,
,
,
,
,
,
,
,
,
,
,
,
,
,
,
,
,
,
,
,
,
,
,
,
,
,
,
,
,
,
,
,
,
,
,
,
,
,
,
,
,
,
,
,
,
,
,
,
,
,
,
,
,
,
,
,
,
,
,
,
,
,
,
,
,
,
,
,
,
,
,
,
,
,
,
,
,
,
,
,
,
,
,
,
,
,
,
,
,
,
,
,
,
,
,
,
,
,
,
,
,
,
,
,
,
,
,
,
,
,
,
,
,
,
,
,
,
,
,
,
,
,
,
,
,
,
,
,
,
,
,
,
,
,
,
,
,
,
,
,
,
,
,
,
,
,
,
,
,
,
,
,
,
,
,
,
,
,
,
,
,
,
,
,
,
,
,
,
,
,
,
,
,
,
,
,
,
,
,
,
,
,
,
,
,
,
,
,
,
,
,
,
,
,
,
,
,
,
,
,
,
,
,
,
,
,
,
,
,
,
,
,
,
,
,
,
,
,
,
,
,
,
,
,
,
,
,
,
,
,
,
,
,
,
,
,
,
,
,
,
,
,
,
,
,
,
,
,
,
,
,
,
,
,
,
,
,
,
,
,
,
,
,
,
,
,
,
,
,
,
,
,
,
,
,
,
,
,
,
,
,
,
,
,
,
,
,
,
,
,
,
,
,
,
,
,
,
,
,
,
,
,
,
,
,
,
,
,
,
,
,
,
,
,
,
,
,
,
,
,
,
,
,
,
,
,
,
,
,
,
,
,
,
,
,
,
,
,
,
,
,
,
,
,
,
,
,
,
,
,
,
,
,
,
,
,
,
,
,
,
,
,
,
,
,
,
,
,
,
,
,
,
,
,
,
,
,
,
,
,
,
,
,
,
,
,
,
,
,
,
,
,
,
,
,
,
,
,
,
,
,
,
,
,
,
,
,
,
,
,
,
,
,
,
,
,
,
,
,
,
,
,
,
,
,
,
,
,
,
,
,
,
,
,
,
,
,
,
,
,
,
,
,
,
,
,
,
,
,
,
,
,
,
,
,
,
,
,
,
,
,
,
,
,
,
,
,
,
,
,
,
,
,
,
,
,
,
,
,
,
,
,
,
,
,
,
,
,
,
,
,
,
,
,
,
,
,
,
,
,
,
,
,
,
,
,
,
,
,
,
,
,
,
,
,
,
,
,
,
,
,
,
,
,
,
,
,
,
,
,
,
,
,
,
,
,
,
,
,
,
,
,
,
,
,
,
,
,
,
,
,
,
,
,
,
,
,
,
,
,
,
,
,
,
,
,
,
,
,
,
,
,
,
,
,
,
,
,
,
,
,
,
,
,
,
,
,
,
,
,
,
,
,
,
,
,
,
,
,
,
,
,
,
,
,
,
,
,
,
,
,
,
,
,
,
,
,
,
,
,
,
,
,
,
,
,
,
,
,
,
,
,
,
,
,
,
,
,
,
,
,
,
,
,
,
,
,
,
,
,
,
,
,
,
,
,
,
,
,
,
,
,
,
,
,
,
,
,
,
,
,
,
,
,
,
,
,
,
,
,
,
,
,
,
,
,
,
,
,
,
,
,
,
,
,
,
,
,
,
,
,
,
,
,
,
,
,
,
,
,
,
,
,
,
,
,
,
,
,
,
,
,
,
,
,
,
,
,
,
,
,
,
,
,
,
,
,
,
,
,
,
,
,
,
,
,
,
,
,
,
,
,
,
,
,
,
,
,
,
,
,
,
,
,
,
,
,
,
,
,
,
,
,
,
,
,
,
,
,
,
,
,
,
,
,
,
,
,
,
,
,
,
,
,
,
,
,
,
,
,
,
,
,
,
,
,
,
,
,
,
,
,
,
,
,
,
,
,
,
,
,
,
,
,
,
,
,
,
,
,
,
,
,
,
,
,
,
,
,
,
,
,
,
,
,
,
,
,
,
,
,
,
,
,
,
,
,
,
,
,
,
,
,
,
,
,
,
,
,
,
,
,
,
,
,
,
,
,
,
,
,
,
,
,
,
,
,
,
,
,
,
,
,
,
,
,
,
,
,
,
,
,
,
,
,
,
,
,
,
,
,
,
,
,
,
,
,
,
,
,
,
,
,
,
,
,
,
,
,
,
,
,
,
,
,
,
,
,
,
,
,
,
,
,
,
,
,
,
,
,
,
,
,
,
,
,
,
,
,
,
,
,
,
,
,
,
,
,
,
,
,
,
,
,
,
,
,
,
,
,
,
,
,
,
,
,
,
,
,
,
,
,
,
,
,
,
,
,
,
,
,
,
,
,
,
,
,
,
,
,
,
,
,
,
,
,
,
,
,
,
,
,
,
,
,
,
,
,
,
,
,
,
,
,
,
,
,
,
,
,
,
,
,
,
,
,
,
,
,
,
,
,
,
,
,
,
,
,
,
,
,
,
,
,
,
,
,
,
,
,
,
,
,
,
,
,
,
,
,
,
,
,
,
,
,
,
,
,
,
,
,
,
,
,
,
,
,
,
,
,
,
,
,
,
,
,
,
,
,
,
,
,
,
,
,
,
,
,
,
,
,
,
,
,
,
,
,
,
,
,
,
,
,
,
,
,
,
,
,
,
,
,
,
,
,
,
,
,
,
,
,
,
,
,
,
,
,
,
,
,
,
,
,
,
,
,
,
,
,
,
,
,
,
,
,
,
,
,
,
,
,
,
,
,
,
,
,
,
,
,
,
,
,
,
,
,
,
,
,
,
,
,
,
,
,
,
,
,
,
,
,
,
,
,
,
,
,
,
,
,
,
,
,
,
,
,
,
,
,
,
,
,
,
,
,
,
,
,
,
,
,
,
,
,
,
,
,
,
,
,
,
,
,
,
,
,
,
,
,
,
,
,
,
,
,
,
,
,
,
,
,
,
,
,
,
,
,
,
,
,
,
,
,
,
,
,
,
,
,
,
,
,
,
,
,
,
,
,
,
,
,
,
,
,
,
,
,
,
,
,
,
,
,
,
,
,
,
,
,
,
,
,
,
,
,
,
,
,
,
,
,
,
,
,
,
,
,
,
,
,
,
,
,
,
,
,
,
,
,
,
,
,
,
,
,
,
,
,
,
,
,
,
,
,
,
,
,
,
,
,
,
,
,
,
,
,
,
,
,
,
,
,
,
,
,
,
,
,
,
,
,
,
,
,
,
,
,
,
,
,
,
,
,
,
,
,
,
,
,
,
,
,
,
,
,
,
,
,
,
,
,
,
,
,
,
,
,
,
,
,
,
,
,
,
,
,
,
,
,
,
,
,
,
,
,
,
,
,
,
,
,
,
,
,
,
,
,
,
,
,
,
,
,
,
,
,
,
,
,
,
,
,
,
,
,
,
,
,
,
,
,
,
,
,
,
,
,
,
,
,
,
,
,
,
,
,
,
,
,
,
,
,
,
,
,
,
,
,
,
,
,
,
,
,
,
,
,
,
,
,
,
,
,
,
,
,
,
,
,
,
,
,
,
,
,
,
,
,
,
,
,
,
,
,
,
,
,
,
,
,
,
,
,
,
,
,
,
,
,
,
,
,
,
,
,
,
,
,
,
,
,
,
,
,
,
,
,
,
,
,
,
,
,
,
,
,
,
,
,
,
,
,
,
,
,
,
,
,
,
,
,
,
,
,
,
,
,
,
,
,
,
,
,
,
,
,
,
,
,
,
,
,
,
,
,
,
,
,
,
,
,
,
,
,
,
,
,
,
,
,
,
,
,
,
,
,
,
,
,
,
,
,
,
,
,
,
,
,
,
,
,
,
,
,
,
,
,
,
,
,
,
,
,
,
,
,
,
,
,
,
,
,
,
,
,
,
,
,
,
,
,
,
,
,
,
,
,
,
,
,
,
,
,
,
,
,
,
,
,
,
,
,
,
,
,
,
,
,
,
,
,
,
,
,
,
,
,
,
,
,
,
,
,
,
,
,
,
,
,
,
,
,
,
,
,
,
,
,
,
,
,
,
,
,
,
,
,
,
,
,
,
,
,
,
,
,
,
,
,
,
,
,
,
,
,
,
,
,
,
,
,
,
,
,
,
,
,
,
,
,
,
,
,
,
,
,
,
,
,
,
,
,
,
,
,
,
,
,
,
,
,
,
,
,
,
,
,
,
,
,
,
,
,
,
,
,
,
,
,
,
,
,
,
,
,
,
,
,
,
,
,
,
,
,
,
,
,
,
,
,
,
,
,
,
,
,
,
,
,
,
,
,
,
,
,
,
,
,
,
,
,
,
,
,
,
,
,
,
,
,
,
,
,
,
,
,
,
,
,
,
,
,
,
,
,
,
,
,
,
,
,
,
,
,
,
,
,
,
,
,
,
,
,
,
,
,
,
,
,
,
,
,
,
,
,
,
,
,
,
,
,
,
,
,
,
,
,
,
,
,
,
,
,
,
,
,
,
,
,
,
,
,
,
,
,
,
,
,
,
,
,
,
,
,
,
,
,
,
,
,
,
,
,
,
,
,
,
,
,
,
,
,
,
,
,
,
,
,
,
,
,
,
,
,
,
,
,
,
,
,
,
,
,
,
,
,
,
,
,
,
,
,
,
,
,
,
,
,
,
,
,
,
,
,
,
,
,
,
,
,
,
,
,
,
,
,
,
,
,
,
,
,
,
,
,
,
,
,
,
,
,
,
,
,
,
,
,
,
,
,
,
,
,
,
,
,
,
,
,
,
,
,
,
,
,
,
,
,
,
,
,
,
,
,
,
,
,
,
,
,
,
,
,
,
,
,
,
,
,
,
,
,
,
,
,
,
,
,
,
,
,
,
,
,
,
,
,
,
,
,
,
,
,
,
,
,
,
,
,
,
,
,
,
,
,
,
,
,
,
,
,
,
,
,
,
,
,
,
,
,
,
,
,
,
,
,
,
,
,
,
,
,
,
,
,
,
,
,
,
,
,
,
,
,
,
,
,
,
,
,
,
,
,
,
,
,
,
,
,
,
,
,
,
,
,
,
,
,
,
,
,
,
,
,
,
,
,
,
,
,
,
,
,
,
,
,
,
,
,
,
,
,
,
,
,
,
,
,
,
,
,
,
,
,
,
,
,
,
,
,
,
,
,
,
,
,
,
,
,
,
,
,
,
,
,
,
,
,
,
,
,
,
,
,
,
,
,
,
,
,
,
,
,
,
,
,
,
,
,
,
,
,
,
,
,
,
,
,
,
,
,
,
,
,
,
,
,
,
,
,
,
,
,
,
,
,
,
,
,
,
,
,
,
,
,
,
,
,
,
,
,
,
,
,
,
,
,
,
,
,
,
,
,
,
,
,
,
,
,
,
,
,
,
,
,
,
,
,
,
,
,
,
,
,
,
,
,
,
,
,
,
,
,
,
,
,
,
,
,
,
,
,
,
,
,
,
,
,
,
,
,
,
,
,
,
,
,
,
,
,
,
,
,
,
,
,
,
,
,
,
,
,
,
,
,
,
,
,
,
,
,
,
,
,
,
,
,
,
,
,
,
,
,
,
,
,
,
,
,
,
,
,
,
,
,
,
,
,
,
,
,
,
,
,
,
,
,
,
,
,
,
,
,
,
,
,
,
,
,
,
,
,
,
,
,
,
,
,
,
,
,
,
,
,
,
,
,
,
,
,
,
,
,
,
,
,
,
,
,
,
,
,
,
,
,
,
,
,
,
,
,
,
,
,
,
,
,
,
,
,
,
,
,
,
,
,
,
,
,
,
,
,
,
,
,
,
,
,
,
,
,
,
,
,
,
,
,
,
,
,
,
,
,
,
,
,
,
,
,
,
,
,
,
,
,
,
,
,
,
,
,
,
,
,
,
,
,
,
,
,
,
,
,
,
,
,
,
,
,
,
,
,
,
,
,
,
,
,
,
,
,
,
,
,
,
,
,
,
,
,
,
,
,
,
,
,
,
,
,
,
,
,
,
,
,
,
,
,
,
,
,
,
,
,
,
,
,
,
,
,
,
,
,
,
,
,
,
,
,
,
,
,
,
,
,
,
,
,
,
,
,
,
,
,
,
,
,
,
,
,
,
,
,
,
,
,
,
,
,
,
,
,
,
,
,
,
,
,
,
,
,
,
,
,
,
,
,
,
,
,
,
,
,
,
,
,
,
,
,
,
,
,
,
,
,
,
,
,
,
,
,
,
,
,
,
,
,
,
,
,
,
,
,
,
,
,
,
,
,
,
,
,
,
,
,
,
,
,
,
,
,
,
,
,
,
,
,
,
,
,
,
,
,
,
,
,
,
,
,
,
,
,
,
,
,
,
,
,
,
,
,
,
,
,
,
,
,
,
,
,
,
,
,
,
,
,
,
,
,
,
,
,
,
,
,
,
,
,
,
,
,
,
,
,
,
,
,
,
,
,
,
,
,
,
,
,
,
,
,
,
,
,
,
,
,
,
,
,
,
,
,
,
,
,
,
,
,
,
,
,
,
,
,
,
,
,
,
,
,
,
,
,
,
,
,
,
,
,
,
,
,
,
,
,
,
,
,
,
,
,
,
,
,
,
,
,
,
,
,
,
,
,
,
,
,
,
,
,
,
,
,
,
,
,
,
,
,
,
,
,
,
,
,
,
,
,
,
,
,
,
,
,
,
,
,
,
,
,
,
,
,
,
,
,
,
,
,
,
,
,
,
,
,
,
,
,
,
,
,
,
,
,
,
,
,
,
,
,
,
,
,
,
,
,
,
,
,
,
,
,
,
,
,
,
,
,
,
,
,
,
,
,
,
,
,
,
,
,
,
,
,
,
,
,
,
,
,
,
,
,
,
,
,
,
,
,
,
,
,
,
,
,
,
,
,
,
,
,
,
,
,
,
,
,
,
,
,
,
,
,
,
,
,
,
,
,
,
,
,
,
,
,
,
,
,
,
,
,
,
,
,
,
,
,
,
,
,
,
,
,
,
,
,
,
,
,
,
,
,
,
,
,
,
,
,
,
,
,
,
,
,
,
,
,
,
,
,
,
,
,
,
,
,
,
,
,
,
,
,
,
,
,
,
,
,
,
,
,
,
,
,
,
,
,
,
,
,
,
,
,
,
,
,
,
,
,
,
,
,
,
,
,
,
,
,
,
,
,
,
,
,
,
,
,
,
,
,
,
,
,
,
,
,
,
,
,
,
,
,
,
,
,
,
,
,
,
,
,
,
,
,
,
,
,
,
,
,
,
,
,
,
,
,
,
,
,
,
,
,
,
,
,
,
,
,
,
,
,
,
,
,
,
,
,
,
,
,
,
,
,
,
,
,
,
,
,
,
,
,
,
,
,
,
,
,
,
,
,
,
,
,
,
,
,
,
,
,
,
,
,
,
,
,
,
,
,
,
,
,
,
,
,
,
,
,
,
,
,
,
,
,
,
,
,
,
,
,
,
,
,
,
,
,
,
,
,
,
,
,
,
,
,
,
,
,
,
,
,
,
,
,
,
,
,
,
,
,
,
,
,
,
,
,
,
,
,
,
,
,
,
,
,
,
,
,
,
,
,
,
,
,
,
,
,
,
,
,
,
,
,
,
,
,
,
,
,
,
,
,
,
,
,
,
,
,
,
,
,
,
,
,
,
,
,
,
,
,
,
,
,
,
,
,
,
,
,
,
,
,
,
,
,
,
,
,
,
,
,
,
,
,
,
,
,
,
,
,
,
,
,
,
,
,
,
,
,
,
,
,
,
,
,
,
,
,
,
,
,
,
,
,
,
,
,
,
,
,
,
,
,
,
,
,
,
,
,
,
,
,
,
,
,
,
,
,
,
,
,
,
,
,
,
,
,
,
,
,
,
,
,
,
,
,
,
,
,
,
,
,
,
,
,
,
,
,
,
,
,
,
,
,
,
,
,
,
,
,
,
,
,
,
,
,
,
,
,
,
,
,
,
,
,
,
,
,
,
,
,
,
,
,
,
,
,
,
,
,
,
,
,
,
,
,
,
,
,
,
,
,
,
,
,
,
,
,
,
,
,
,
,
,
,
,
,
,
,
,
,
,
,
,
,
,
,
,
,
,
,
,
,
,
,
,
,
,
,
,
,
,
,
,
,
,
,
,
,
,
,
,
,
,
,
,
,
,
,
,
,
,
,
,
,
,
,
,
,
,
,
,
,
,
,
,
,
,
,
,
,
,
,
,
,
,
,
,
,
,
,
,
,
,
,
,
,
,
,
,
,
,
,
,
,
,
,
,
,
,
,
,
,
,
,
,
,
,
,
,
,
,
,
,
,
,
,
,
,
,
,
,
,
,
,
,
,
,
,
,
,
,
,
,
,
,
,
,
,
,
,
,
,
,
,
,
,
,
,
,
,
,
,
,
,
,
,
,
,
,
,
,
,
,
,
,
,
,
,
,
,
,
,
,
,
,
,
,
,
,
,
,
,
,
,
,
,
,
,
,
,
,
,
,
,
,
,
,
,
,
,
,
,
,
,
,
,
,
,
,
,
,
,
,
,
,
,
,
,
,
,
,
,
,
,
,
,
,
,
,
,
,
,
,
,
,
,
,
,
,
,
,
,
,
,
,
,
,
,
,
,
,
,
,
,
,
,
,
,
,
,
,
,
,
,
,
,
,
,
,
,
,
,
,
,
,
,
,
,
,
,
,
,
,
,
,
,
,
,
,
,
,
,
,
,
,
,
,
,
,
,
,
,
,
,
,
,
,
,
,
,
,
,
,
,
,
,
,
,
,
,
,
,
,
,
,
,
,
,
,
,
,
,
,
,
,
,
,
,
,
,
,
,
,
,
,
,
,
,
,
,
,
,
,
,
,
,
,
,
,
,
,
,
,
,
,
,
,
,
,
,
,
,
,
,
,
,
,
,
,
,
,
,
,
,
,
,
,
,
,
,
,
,
,
,
,
,
,
,
,
,
,
,
,
,
,
,
,
,
,
,
,
,
,
,
,
,
,
,
,
,
,
,
,
,
,
,
,
,
,
,
,
,
,
,
,
,
,
,
,
,
,
,
,
,
,
,
,
,
,
,
,
,
,
,
,
,
,
,
,
,
,
,
,
,
,
,
,
,
,
,
,
,
,
,
,
,
,
,
,
,
,
,
,
,
,
,
,
,
,
,
,
,
,
,
,
,
,
,
,
,
,
,
,
,
,
,
,
,
,
,
,
,
,
,
,
,
,
,
,
,
,
,
,
,
,
,
,
,
,
,
,
,
,
,
,
,
,
,
,
,
,
,
,
,
,
,
,
,
,
,
,
,
,
,
,
,
,
,
,
,
,
,
,
,
,
,
,
,
,
,
,
,
,
,
,
,
,
,
,
,
,
,
,
,
,
,
,
,
,
,
,
,
,
,
,
,
,
,
,
,
,
,
,
,
,
,
,
,
,
,
,
,
,
,
,
,
,
,
,
,
,
,
,
,
,
,
,
,
,
,
,
,
,
,
,
,
,
,
,
,
,
,
,
,
,
,
,
,
,
,
,
,
,
,
,
,
,
,
,
,
